1662994141,Đèn pha 200w,1250000.0,12,1.5E7,2022-09-13T08:07:23.849Z
1662994578,Đèn pha 100w,850000.0,5,4250000.0,2022-09-14T03:32:23.408Z
1662996490,Đèn bàn chải 120W,1250000.0,5,6250000.0,2022-09-14T03:39:49.382Z
1662996129,Đèn pha 300w,1550000.0,3,4650000.0,2022-09-14T03:41:12.715Z
1662996726,Đèn UFO 300w,1050000.0,5,5250000.0,2022-09-14T04:03:56.276Z
1662996993,Đèn ốp trần hình kim cương 50w,850000.0,5,4250000.0,2022-09-14T04:05:30.045Z
1662996964,Đèn trụ cổng hàng rào,850000.0,4,3400000.0,2022-09-14T04:06:33.325Z
1662996129,Đèn pha 300w,1550000.0,2,3100000.0,2022-09-14T04:08:29.215Z
1662996129,Đèn pha 300w,1550000.0,5,7750000.0,2022-09-14T04:09:26.319Z
1662996129,Đèn pha 300w,1550000.0,5,7750000.0,2022-09-14T04:09:48.340Z
1662996129,Đèn pha 300w,1550000.0,2,3100000.0,2022-09-14T04:10:06.955Z
1662996964,Đèn trụ cổng hàng rào,850000.0,6,5100000.0,2022-09-14T04:10:26.477Z
1662994141,Đèn pha 200w,1250000.0,5,6250000.0,2022-09-14T04:16:47.188Z
1662994141,Đèn pha 200w,1250000.0,7,8750000.0,2022-09-14T04:17:33.007Z
1662994578,Đèn pha 100w,850000.0,5,4250000.0,2022-09-14T07:53:42.840Z
1662996490,Đèn bàn chải 120W,1250000.0,5,6250000.0,2022-09-14T07:54:08.740Z
1662996490,Đèn bàn chải 120W,1250000.0,5,6250000.0,2022-09-14T07:54:22.021Z
1662996993,Đèn ốp trần hình kim cương 50w,850000.0,5,4250000.0,2022-09-14T07:57:30.191Z
1662994141,Đèn pha 200w,1250000.0,5,6250000.0,2022-09-14T09:26:20.011Z
1662994578,Đèn pha 100w,850000.0,5,4250000.0,2022-09-14T09:26:42.874Z
1662994578,Đèn pha 100w,850000.0,5,4250000.0,2022-09-14T09:29:43.624Z
1662996490,Đèn bàn chải 120W,1250000.0,5,6250000.0,2022-09-14T09:29:57.618Z
1662994141,Đèn pha 200w,1250000.0,5,6250000.0,2022-09-14T09:30:13.573Z
1662996964,Đèn trụ cổng hàng rào,850000.0,5,4250000.0,2022-09-14T09:30:54.574Z
1662996726,Đèn UFO 300w,1050000.0,5,5250000.0,2022-09-14T09:51:33.790Z
1662996490,Đèn bàn chải 120W,1250000.0,5,6250000.0,2022-09-14T09:52:23.096Z
1662996129,Đèn pha 300w,1550000.0,3,4650000.0,2022-09-14T09:54:01.506Z
1662994141,Đèn pha 200w,1250000.0,5,6250000.0,2022-09-14T10:02:57.331Z
1662994141,Đèn pha 200w,1250000.0,1,1250000.0,2022-09-14T10:03:15.230Z
1662994141,Đèn pha 200w,1250000.0,5,6250000.0,2022-09-14T10:03:32.715Z
1662996993,Đèn ốp trần hình kim cương 50w,850000.0,5,4250000.0,2022-09-14T15:31:18.872Z
1662996490,Đèn bàn chải 120W,1250000.0,5,6250000.0,2022-09-14T15:36:11.009Z
1662996964,Đèn trụ cổng hàng rào,850000.0,10,8500000.0,2022-09-15T02:13:04.757Z
1662996726,Đèn UFO 300w,1050000.0,10,1.05E7,2022-09-15T02:13:26.491Z
1662996993,Đèn ốp trần hình kim cương 50w,850000.0,40,3.4E7,2022-09-15T02:14:38.509Z
1662996993,Đèn ốp trần hình kim cương 50w,850000.0,10,8500000.0,2022-09-15T02:33:15.661Z
1662996993,Đèn ốp trần hình kim cương 50w,850000.0,10,8500000.0,2022-09-15T02:34:01.277Z
1662994141,Đèn pha 200w,1250000.0,1,1250000.0,2022-09-15T02:34:23.408Z
1662996490,Đèn bàn chải 120W,1250000.0,40,5.0E7,2022-09-15T02:35:29.248Z
1662996726,Đèn UFO 300w,1050000.0,40,4.2E7,2022-09-15T02:38:15.977Z
1662996129,Đèn pha 300w,1550000.0,33,5.115E7,2022-09-15T03:15:18.961Z
1662994578,Đèn pha 100w,850000.0,35,2.975E7,2022-09-15T03:15:43.497Z
1662994141,Đèn pha 200w,1250000.0,9,1.125E7,2022-09-15T03:18:12.683Z
1662994578,Đèn pha 100w,850000.0,8,6800000.0,2022-09-15T03:29:42.974Z
1662996993,Đèn ốp trần hình kim cương 50w,850000.0,3,2550000.0,2022-09-15T03:30:10.824Z
1662996964,Đèn trụ cổng hàng rào,850000.0,3,2550000.0,2022-09-15T03:30:29.847Z
1662996964,Đèn trụ cổng hàng rào,850000.0,3,2550000.0,2022-09-15T03:31:10.997Z
1662994141,Đèn pha 200w,1250000.0,19,2.375E7,2022-09-15T03:43:01.763Z
1662994578,Đèn pha 100w,850000.0,20,1.7E7,2022-09-15T03:43:23.630Z
1662994578,Đèn pha 100w,850000.0,30,2.55E7,2022-09-15T03:52:23.428Z
1662996964,Đèn trụ cổng hàng rào,850000.0,13,1.105E7,2022-09-15T03:52:43.168Z
1662996964,Đèn trụ cổng hàng rào,850000.0,3,2550000.0,2022-09-15T03:57:31.368Z
1662996993,Đèn ốp trần hình kim cương 50w,850000.0,40,3.4E7,2022-09-15T04:06:10.851Z
1662994578,Đèn pha 100w,850000.0,50,4.25E7,2022-09-15T04:07:14.519Z
1662994578,Đèn pha 100w,850000.0,50,4.25E7,2022-09-15T04:11:50.276Z
1662994141,Đèn pha 200w,1250000.0,30,3.75E7,2022-09-15T04:12:12.842Z
1662994141,Đèn pha 200w,1250000.0,60,7.5E7,2022-09-15T04:23:23.975Z
1662996964,Đèn trụ cổng hàng rào,850000.0,60,5.1E7,2022-09-15T04:23:47.612Z
1662994141,Đèn pha 200w,1250000.0,60,7.5E7,2022-09-15T04:24:33.802Z
1662994141,Đèn pha 200w,1250000.0,5,6250000.0,2022-09-15T10:41:06.078Z
1663224061,Pin đèn pha 200w,900000.0,5,4500000.0,2022-09-15T10:41:32.983Z
1662994141,Đèn pha 200w,1250000.0,5,6250000.0,2022-09-15T10:57:32.427Z
